{"cameraMode":{"drawMode":0,"name":"Shaded","section":"Shading Mode"},"sceneLighting":false,"audioPlay":false,"sceneViewState":{"m_AlwaysRefresh":false,"showFog":true,"showSkybox":false,"showFlares":true,"showImageEffects":true,"showParticleSystems":true,"showVisualEffectGraphs":true,"m_FxEnabled":true},"in2DMode":false,"pivot":{"x":17.954118728637697,"y":1.9093997478485108,"z":-22.598590850830079},"rotation":{"x":-0.2558553218841553,"y":0.5997110605239868,"z":-0.21070051193237306,"w":-0.7284555435180664},"size":0.43028151988983157,"orthographic":false}