{"cameraMode":{"drawMode":0,"name":"Shaded","section":"Shading Mode"},"sceneLighting":true,"audioPlay":false,"sceneViewState":{"m_AlwaysRefresh":false,"showFog":true,"showSkybox":true,"showFlares":true,"showImageEffects":true,"showParticleSystems":true,"showVisualEffectGraphs":true,"m_FxEnabled":false},"in2DMode":false,"pivot":{"x":17.50724983215332,"y":-10.350677490234375,"z":7.892580509185791},"rotation":{"x":0.034972745925188068,"y":0.9647090435028076,"z":-0.19687189161777497,"w":0.1713661253452301},"size":52.734107971191409,"orthographic":false}