{"cameraMode":{"drawMode":0,"name":"Shaded","section":"Shading Mode"},"sceneLighting":false,"audioPlay":false,"sceneViewState":{"m_AlwaysRefresh":false,"showFog":true,"showSkybox":false,"showFlares":true,"showImageEffects":true,"showParticleSystems":true,"showVisualEffectGraphs":true,"m_FxEnabled":true},"in2DMode":false,"pivot":{"x":1.5862597227096558,"y":0.372761607170105,"z":-0.23340129852294923},"rotation":{"x":0.15867428481578828,"y":0.7860397696495056,"z":-0.22549089789390565,"w":0.5534862875938416},"size":1.333850383758545,"orthographic":false}