{"cameraMode":{"drawMode":0,"name":"Shaded","section":"Shading Mode"},"sceneLighting":true,"audioPlay":false,"sceneViewState":{"m_AlwaysRefresh":false,"showFog":true,"showSkybox":true,"showFlares":true,"showImageEffects":true,"showParticleSystems":true,"showVisualEffectGraphs":true,"m_FxEnabled":true},"in2DMode":false,"pivot":{"x":9.158792495727539,"y":1.8850466012954713,"z":28.129526138305665},"rotation":{"x":-0.035255782306194308,"y":-0.2729002833366394,"z":0.008791935630142689,"w":-0.9618282914161682},"size":9.97974967956543,"orthographic":false}