{"cameraMode":{"drawMode":0,"name":"Shaded","section":"Shading Mode"},"sceneLighting":true,"audioPlay":false,"sceneViewState":{"m_AlwaysRefresh":false,"showFog":true,"showSkybox":true,"showFlares":true,"showImageEffects":true,"showParticleSystems":true,"showVisualEffectGraphs":true,"m_FxEnabled":true},"in2DMode":false,"pivot":{"x":10.589012145996094,"y":-0.030555464327335359,"z":19.859451293945314},"rotation":{"x":-0.2029551863670349,"y":0.01111006923019886,"z":-0.0034662988036870958,"w":-0.9795812368392944},"size":4.2247443199157719,"orthographic":false}