{"cameraMode":{"drawMode":0,"name":"Shaded","section":"Shading Mode"},"sceneLighting":true,"audioPlay":false,"sceneViewState":{"m_AlwaysRefresh":false,"showFog":true,"showSkybox":true,"showFlares":true,"showImageEffects":true,"showParticleSystems":true,"showVisualEffectGraphs":true,"m_FxEnabled":true},"in2DMode":false,"pivot":{"x":24.319229125976564,"y":-8.890968322753907,"z":26.972644805908204},"rotation":{"x":-0.16212628781795503,"y":-0.5782821178436279,"z":0.11719653010368347,"w":-0.7915394306182861},"size":15.559666633605957,"orthographic":false}