{"cameraMode":{"drawMode":0,"name":"Shaded","section":"Shading Mode"},"sceneLighting":false,"audioPlay":false,"sceneViewState":{"m_AlwaysRefresh":false,"showFog":true,"showSkybox":false,"showFlares":true,"showImageEffects":true,"showParticleSystems":true,"showVisualEffectGraphs":true,"m_FxEnabled":false},"in2DMode":false,"pivot":{"x":-0.03230595588684082,"y":0.11996537446975708,"z":-0.13655078411102296},"rotation":{"x":0.07008486986160279,"y":0.8466599583625794,"z":-0.11526466906070709,"w":0.514792263507843},"size":1.4757072925567628,"orthographic":false}