{"cameraMode":{"drawMode":0,"name":"Shaded","section":"Shading Mode"},"sceneLighting":false,"audioPlay":false,"sceneViewState":{"m_AlwaysRefresh":false,"showFog":true,"showSkybox":false,"showFlares":true,"showImageEffects":true,"showParticleSystems":true,"showVisualEffectGraphs":true,"m_FxEnabled":true},"in2DMode":false,"pivot":{"x":15.926714897155762,"y":2.8951025009155275,"z":-27.906076431274415},"rotation":{"x":-0.1774996817111969,"y":0.2811029255390167,"z":-0.052983127534389499,"w":-0.9416583180427551},"size":1.0302815437316895,"orthographic":false}