{"cameraMode":{"drawMode":0,"name":"Shaded","section":"Shading Mode"},"sceneLighting":true,"audioPlay":false,"sceneViewState":{"m_AlwaysRefresh":false,"showFog":true,"showSkybox":true,"showFlares":true,"showImageEffects":true,"showParticleSystems":true,"showVisualEffectGraphs":true,"m_FxEnabled":false},"in2DMode":false,"pivot":{"x":2.607544422149658,"y":1.8355557918548585,"z":-4.343625545501709},"rotation":{"x":0.17689988017082215,"y":0.16158601641654969,"z":-0.029453793540596963,"w":0.970435619354248},"size":0.8660253882408142,"orthographic":false}