{"cameraMode":{"drawMode":0,"name":"Shaded","section":"Shading Mode"},"sceneLighting":true,"audioPlay":false,"sceneViewState":{"m_AlwaysRefresh":true,"showFog":true,"showSkybox":true,"showFlares":true,"showImageEffects":true,"showParticleSystems":true,"showVisualEffectGraphs":true,"m_FxEnabled":true},"in2DMode":false,"pivot":{"x":19.159011840820314,"y":3.3568828105926515,"z":-3.123218297958374},"rotation":{"x":-0.0030125747434794904,"y":0.9474919438362122,"z":-0.3201051354408264,"w":-0.008816827088594437},"size":0.868414580821991,"orthographic":false}