{"cameraMode":{"drawMode":0,"name":"Shaded","section":"Shading Mode"},"sceneLighting":false,"audioPlay":false,"sceneViewState":{"m_AlwaysRefresh":false,"showFog":true,"showSkybox":false,"showFlares":true,"showImageEffects":true,"showParticleSystems":true,"showVisualEffectGraphs":true,"m_FxEnabled":false},"in2DMode":false,"pivot":{"x":-0.40991005301475527,"y":0.569087564945221,"z":-1.4511308670043946},"rotation":{"x":-0.30007484555244448,"y":-0.1839260756969452,"z":0.05909483879804611,"w":-0.9341790080070496},"size":0.44445398449897768,"orthographic":false}